{
  "name" : "EMPLOYEE",
  "type" : "QUERY",
  "owner" : "MASTER",
  "packageName" : "",
  "query" : "SELECT salary, email ,first_name FROM employee WHERE salary>?",
  "attrs" : [ {
    "name" : "salary",
    "inOut" : "IN",
    "type" : "NUMBER",
    "typeName" : "NUMBER",
    "position" : 1
  }, {
    "name" : "EMPLOYEE_Query",
    "inOut" : "OUT",
    "type" : "QUERY",
    "typeName" : "EMPLOYEE_QUERY",
    "position" : 0
  } ],
  "typesObject" : [ {
    "nameType" : "EMPLOYEE_QUERY",
    "argType" : "QUERY",
    "attr" : [ {
      "name" : "SALARY",
      "type" : "NUMBER",
      "typeName" : "NUMBER",
      "position" : 1
    }, {
      "name" : "EMAIL",
      "type" : "VARCHAR2",
      "typeName" : "VARCHAR2",
      "position" : 2
    }, {
      "name" : "FIRST_NAME",
      "type" : "VARCHAR2",
      "typeName" : "VARCHAR2",
      "position" : 3
    } ]
  } ]
}